Bay,Ageless,[Name]*
Bluffs,Ashen,Ash
Bog,Black,Bone
Cliffs,Blessed,Darkness
Desert,Blighted,Dead
Downs,Blue,Death
Dunes,Broken,Desolation
Expanse,Burning,Despair
Fells,Cold,Devil
Fen,Cursed,Doom
Flats,Dark,Dragon
Foothills,Dead,Fate
Forest,Deadly,Fear
Groves,Deep,Fire
Heath,Desolate,Fury
Heights,Diamond,Ghost
Hills,Dim,Giant
Hollows,Dismal,God
Jungle,Dun,Gold
Lake,Eerie,Heaven
Lowland,Endless,Hell
March,Fallen,Honor
Marsh,Far,Hope
Meadows,Fell,Horror
Moor,Flaming,King
Morass,Forgotten,Life
Mounds,Forsaken,Light
Mountains,Frozen,Lord
Peaks,Glittering,Mist
Plains,Golden,Peril
Prairie,Green,Queen
Quagmire,Grim,Rain
Range,Holy,Refuge
Reach,Impassable,Regret
Sands,Jagged,Savior
Savanna,Light,Shadow
Scarps,Long,Silver
Sea,Misty,Skull
Slough,Perilous,Sky
Sound,Purple,Smoke
Steppe,Red,Snake
Swamp,Savage,Sorrow
Sweep,Shadowy,Storm
Teeth,Shattered,Sun
Thicket,Shifting,Thorn
Upland,Shining,Thunder
Wall,Silver,Traitor
Waste,White,Troll
Wasteland,Wicked,Victory
Woods,Yellow,Witch
